web_scraper_order,web_scraper_start_url,rooms_area_price_raw,price_raw,address_raw,description_raw,text_raw
"1764776900-1","https://www.immoscout24.ch/de/wohnung/mieten/ort-winterthur?pn=4","3.5 Zimmer, 85m², CHF 2’490.–","CHF 2’490.–","Walkestrasse 28, 8400 Winterthur","Stadtnahes Wohnen","Die Lage Ihr neues Zuhause liegt im Veltheim-Quartier in der neuen Überbauung Zur Weinlese. Hier treffen Sie auf Grossstadt-Flair, welches sich mit dörflicher Gelassenheit vereint hat. Sie profitieren von einer herausragenden Infrastruktur mit einem breiten Angebot und müssen dennoch nicht auf Ruhe und Rückzugsmöglichkeiten verzichten. Winterthur bietet vielfältige Einkaufsmöglichkeiten, Cafés und Restaurants sowie ein breites Sport- und Kulturangebot. Die hübsche Altstadt ist in wenigen Minuten erreichbar und überzeugt mit einer ausgedehnten Fussgängerzone. In Ihrer Freizeit können Sie im Zürcher Weinland mit seinen Seen und Weinbergen beim Spazieren und Radfahren Ihre Seele baumeln lassen und sich entspannen. Ein Rundgang durch die Wohnung Dank des durchdachten Grundrisses, können Sie sich auf den insgesamt ca. 84.00 m2 Wohnfläche individuell einrichten und persönliche Rückzugsmöglichkeiten schaffen. Die Anhydrit- und die Parkett-Bodenbeläge sorgen für eine luftige Atmosphäre. Weitere Highlights sind die moderne Küche und das grosszügige Wohn-/Esszimmer. Auf den Balkonen können Sie Ihren Feierabend geniessen und sich vom Alltagsstress erholen. Weitere Merkmale dieser Wohnung sind: - moderne Küche - grosszügiges Wohn-/Esszimmer - Zimmer - Sitzplatz - Dusche/WC- Bad/WC - Grosszügiges Entree mit Garderobe/Wandschrank - Waschmaschine/Tumbler in der Wohnung - Lift Besichtigen. Bewerben. Mieten. Haben Sie Lust, in einem Trendquartier zu wohnen? Klicken Sie einfach auf folgenden Link:https://flatfox.ch/de/viewing/80572/?code=jgxvvYZjun5Vw7jf-Zp63eOSXr0WtN8VSsqNhie_nd8Falls der Besichtigungstermin in der Vergangenheit liegt oder ausgebucht ist, kann man sich nicht mehr auf dieses Inserat bewerben. Vielen Dank für Ihr Verständnis. Als Mieter von Helvetia profitieren Sie von 40% Rabatt auf Ihre erste Jahresprämie für ausgewählte Helvetia Versicherungsprodukte! Bei den publizierten Bildern handelt es sich um typenähnliche/typengleiche Wohnungen. Abweichungen zum effektiven Angebot sind deshalb möglich. Weitere interessante Mietobjekte finden Sie unter: www.helvetia.ch/miete"
"1764776900-2","https://www.immoscout24.ch/de/wohnung/mieten/ort-winterthur?pn=4","2.5 Zimmer, 72m², CHF 2’410.–","CHF 2’410.–","Walkestrasse 28, 8400 Winterthur","Stadtnahes Wohnen","Die Lage Ihr neues Zuhause liegt im Veltheim-Quartier in der neuen Überbauung Zur Weinlese. Hier treffen Sie auf Grossstadt-Flair, welches sich mit dörflicher Gelassenheit vereint hat. Sie profitieren von einer herausragenden Infrastruktur mit einem breiten Angebot und müssen dennoch nicht auf Ruhe und Rückzugsmöglichkeiten verzichten. Winterthur bietet vielfältige Einkaufsmöglichkeiten, Cafés und Restaurants sowie ein breites Sport- und Kulturangebot. Die hübsche Altstadt ist in wenigen Minuten erreichbar und überzeugt mit einer ausgedehnten Fussgängerzone. In Ihrer Freizeit können Sie im Zürcher Weinland mit seinen Seen und Weinbergen beim Spazieren und Radfahren Ihre Seele baumeln lassen und sich entspannen. Ein Rundgang durch die Wohnung Dank des durchdachten Grundrisses, können Sie sich auf den insgesamt ca. 71.00 m2 Wohnfläche individuell einrichten und persönliche Rückzugsmöglichkeiten schaffen. Die Anhydrit- und die Parkett-Bodenbeläge sorgen für eine luftige Atmosphäre. Weitere Highlights sind die moderne Küche und das grosszügige Wohn-/Esszimmer. Auf den Balkonen können Sie Ihren Feierabend geniessen und sich vom Alltagsstress erholen. Weitere Merkmale dieser Wohnung sind: - moderne Küche - grosszügiges Wohn-/Esszimmer - Zimmer - Sitzplatz - Dusche/WC - Grosszügiges Entree mit Garderobe/Wandschrank - Waschmaschine/Tumbler in der Wohnung - Lift Besichtigen. Bewerben. Mieten. Haben Sie Lust, in einem Trendquartier zu wohnen? Klicken Sie einfach auf folgenden Link: https://flatfox.ch/de/viewing/80494/?code=CGiGTqa6xKS75wNOykkj5z76xmIH1WFTO7PVe664iaw Falls der Besichtigungstermin in der Vergangenheit liegt oder ausgebucht ist, kann man sich nicht mehr auf dieses Inserat bewerben. Vielen Dank für Ihr Verständnis. Als Mieter von Helvetia profitieren Sie von 40% Rabatt auf Ihre erste Jahresprämie für ausgewählte Helvetia Versicherungsprodukte! Bei den publizierten Bildern handelt es sich um typenähnliche/typengleiche Wohnungen. Abweichungen zum effektiven Angebot sind deshalb möglich. Weitere interessante Mietobjekte finden Sie unter: www.helvetia.ch/miete"
"1764776900-3","https://www.immoscout24.ch/de/wohnung/mieten/ort-winterthur?pn=4","3.5 Zimmer, 89m², CHF 3’300.–","CHF 3’300.–","8406 Winterthur","Moderne 3.5-Zimmer-Wohnung in ruhiger Lage Winterthur","Dieses luxuriöse 3.5-Zimmer-Wohnobjekt im begehrten Kanton Zürich, eingebettet in die malerische Region Winterthur, ist ein wahres Juwel, das seinesgleichen sucht. Das Wohnzimmer besticht durch seine lichtdurchfluteten Räume und ein grosszügiges Ambiente, während die offene und luxuriöse Küche ein Ort der kulinarischen Kreativität darstellt. Mit 2 Schlafzimmern und 1 Badezimmer und 1 Gäste-WC bietet die Wohnung einen Rückzugsort mit Stil. Der Balkon lädt dazu ein, die frische Luft zu geniessen, und der Lift sowie der Keller bieten praktischen Komfort auf höchstem Niveau. In der Umgebung finden Sie vielfältige Einkaufsmöglichkeiten nur wenige Schritte entfernt, Schulen in unmittelbarer Nähe und eine ausgezeichnete Verkehrsanbindung für maximale Mobilität.Der Zustand dieses imposanten Objekts, errichtet im Jahr 2025, kann als tadellos und aussergewöhnlich bezeichnet werden. Die Immobilie besticht durch eine moderne, grosszügige und familienfreundliche Gestaltung. Ein High-Quality-Ausbau sowie der Minergie-Standard setzen Massstäbe in Sachen Komfort und Nachhaltigkeit. Die zentrale und kinderfreundliche Umgebung bietet eine Fülle an Restaurants, Cafés und Bildungseinrichtungen in unmittelbarer Nähe. Die Minergie-zertifizierte Heizung sorgt für behagliche Wärme und maximale Energieeffizienz. Zu den herausragenden Vorteilen zählen der erstklassige Ausbaustandard, die grossen Fensterfronten für ein helles Ambiente, der elegante Eichenparkettboden, der elegante Neubau-Charakter, die den Wohnkomfort auf ein neues Level hebt.Dieses properti Angebot zeichnet sich aus durch: • Hochwertige Ausstattung und durchdachte Raumaufteilung, die begeistert • Offener Wohn- und Essbereich mit Zugang zum sonnigen Balkon für puren Genuss • Moderne Küche mit hochwertigen V-Zug-Geräten und stilvollem Design für kulinarische Höhenflüge • Geräumiges Schlafzimmer mit grosszügigem Platzangebot und natürlichem Licht • separate Frischluftzirkulation in jedem Raum • eigenen Waschturm • Eigentumsstandard • Eichenparkett • Zusätzliches Zimmer für flexiblen Wohnraum nach Ihren Wünschen • Grosser Balkon, ideal für entspannte Stunden im Freien und gesellige Momente • Kellerraum zur praktischen Aufbewahrung und Organisation • Minergie-Zertifizierung für maximale Energieeffizienz und ein ökologisches Bewusstsein Diese extravagante Neubau-Wohnung in Winterthur vereint luxuriösen Wohnkomfort, zeitloses Design und eine erstklassige Lage. Ideal für Familien oder Paare, die das Besondere schätzen und höchste Ansprüche an Qualität und Nachhaltigkeit stellen. Verfügbar ab September 2025  entdecken Sie Ihr neues Zuhause und profitieren Sie von dieser einzigartigen Gelegenheit.Interessiert? Melden sie sich noch heute für einen Besichtigungstermin."
"1764776900-4","https://www.immoscout24.ch/de/wohnung/mieten/ort-winterthur?pn=4","2.5 Zimmer, 63m², CHF 1’830.–","CHF 1’830.–","Schützenstrasse 14, 8400 Winterthur, 8400 Winterthur","Frisch renovierte Dachgeschosswohnung mit Charme und grossem Wohnbereich","Sie sind auf der Suche nach einer gemütlichen Wohnung in zentraler Lage? Diese 2.5-Zimmerwohnung im 4. Obergeschoss steht per sofort zur Verfügung und bietet Ihnen alles, was Sie für ein angenehmes Stadtleben benötigen. Ihre Vorteile auf einen Blick:- Sofort verfügbar - einfach einziehen und wohlfühlen - Helle Dachgeschosswohnung mit gemütlichen Schrägen- Grosszügiger Wohnbereich mit Kaminofen- Charmante Dielenböden in Flur, Wohn- und Schlafzimmer- Praktische Abstellmöglichkeiten und langer Flur- Neues, modern gefliestes Badezimmer- Frisch gestrichene Wände und Decken- Die Wohnung liegt in einer Top-Lage mit guter Verkehrsanbindung. In wenigen Gehminuten sind vielfältige Einkaufsmöglichkeiten, Restaurants, Bars und Clubs erreichbar. Die Wohnung ist ideal für Berufstätige, Studierende oder Pendler, die Wert auf Flexibilität und Komfort legen, und bietet eine gute Kombination aus praktischem Nutzen und angenehmer Atmosphäre. Haben wir Ihr Interesse geweckt? Dann sind Sie herzlich zur öffentlichen Besichtigung am Mittwoch, dem 3. Dezember 2025 um 08:30 Uhr, eingeladen."
"1764776900-5","https://www.immoscout24.ch/de/wohnung/mieten/ort-winterthur?pn=4","4.5 Zimmer, 125m², CHF 2’965.–","CHF 2’965.–","Hobelwerkweg 23, 8404 Winterthur","Helles Zuhause mit viel Raum und Charme","Die LageUrban und gleichzeitig kinderfreundlich präsentiert sich der Stadtteil Oberwinterthur. Im alten Dorfkern sowie rund um den Bahnhof bietet das grösste Quartier der Stadt ideale Geschäfts- und Einkaufsmöglichkeiten. Schulen und Kindergärten befinden sich in unmittelbarer Nähe der Wohnüberbauung.Naherholungsgebiete mit Seen und Wäldern - perfekt zum Wandern, Joggen oder Velofahren - sind in wenigen Gehminuten erreichbar.Im Takt ist in mehrfacher Hinsicht optimal gelegen: Die Winterthurer Stadtbusse sowie direkte S-Bahn-Verbindungen nach Zürich halten praktisch vor der Haustüre. Auch der Flughafen Zürich sowie die malerischen Landschaften des Zürcher Oberlands und der Ostschweiz sind schnell erreichbar. Ein Rundgang durch die WohnungDer durchdachte Grundriss bietet Ihnen auf 124 m2 viel Raum, um sich individuell einzurichten. Der hochwertige Parkettboden in allen Wohnräumen sorgt für eine behagliche und warme Atmosphäre. Ein besonderes Highlight sind die raumhohen Fenster, die für viel Tageslicht und ein offenes Wohngefühl sorgen. Darüber hinaus bietet Ihnen diese Wohnung folgende Vorzüge:- offene, optimal ausgestattete Küche- offenes und einladendes Ess- und Wohnzimmer- modernes Badezimmer mit Badewanne- separate Dusche/WC- eigener Waschturm- Terrasse mit 21m2- raumhohe Fenster- Das Reduit in der Wohnung sowie das Kellerabteil bieten zusätzlichen Stauraum- Lift bis in die TiefgarageDetailsEin Einstellplatz in der Tiefgarage kann auf Wunsch dazu gemietet werden.In der Überbauung befindet sich ein origineller Spielplatz.Anschreiben. Besichtigen. Mieten.Möchten Sie Ihrer Familie mehr Raum gönnen und in einem Trendquartiert leben? Dann freuen wir uns auf Sie!Die Besichtigung findet wie folgt statt:Mittwoch, 26.11.2025 von 19:00 Uhr bis 20:30 Uhr. Bitte klingeln Sie bei ""M. Kessler""Als Mieter von Helvetia profitieren Sie von 40% Rabatt auf Ihre erste Jahresprämie für ausgewählte Helvetia Versicherungsprodukte!Bei den publizierten Bildern handelt es sich um typenähnliche / typengleiche Wohnungen. Abweichungen zum effektiven Angebot sind deshalb möglich.Weitere interessante Mietobjekte finden Sie unter: www.helvetia.ch/miete"
"1764776900-6","https://www.immoscout24.ch/de/wohnung/mieten/ort-winterthur?pn=4","4.5 Zimmer, 115m², CHF 2’833.–","CHF 2’833.–","Zürcherstrasse 56, 8406 Winterthur","Ihre neue Wohlfühloase","Per 01.02.2026 vermieten wir diese schöne und top moderne 4.5-Zimmerwohnung in Winterthur.Die Wohnung liegt sehr zentral und bietet Ihnen folgende Annehmlichkeiten:- Wohn- und Schlafzimmer mit Parkettboden- Küche und Nasszellen mit pflegeleichtem, dunklem Plattenboden- Offene Küche mit Glaskeramikherd, Geschirrspüler, Backofen auf Sichthöhe und viel Stauraum für Ihre Küchenutensilien- Modernes Badezimmer mit WC, Lavabo, Spiegelschrank, Dusche, Badewanne und eigenem Waschturm (Waschmaschine und Tumbler)- Separates Gästebad mit WC, Lavabo, Spiegel und Dusche- Gemütliche Loggia, welche zum Verweilen einlädt- Eigenes Kellerabteil- Lift vorhandenDie Haustierhaltung ist in dieser Liegenschaft erlaubt. Nach Verfügbarkeit kann ein Einstellplatz für CHF 115.00 pro Monat dazu gemietet werden.Umgebung:- Die Liegenschaft ist gut mit den öffentlichen Verkehrsmitteln erreichbar- Der Hauptbahnhof Winterthur ist nur wenige Busstationen entfernt- Auch der Autobahnanschluss ist in kurzer Fahrdistanz erreichbar- Gegenüber der Liegenschaft befindet sich das Einkaufszentrum Lokwerk mit diversen GeschäftenBitte beachten Sie, dass die Bilder als Referenzbilder dienen und vom Original abweichen können.Haben wir Ihr Interesse geweckt? Für einen Besichtigungstermin kontaktieren Sie uns bitte schriftlich über das Kontaktformular. Wir freuen uns auf Ihre Anfrage."
"1764776900-7","https://www.immoscout24.ch/de/wohnung/mieten/ort-winterthur?pn=4","3.5 Zimmer, 58m², CHF 2’090.–","CHF 2’090.–","Neustadtgasse 33/Obertor 9a, 8400 Winterthur","Grosszügige 3.5-Zimmer-Wohnung im Zentrum von Winterthur","Diese helle und gut geschnittene 3.5-Zimmer-Wohnung befindet sich an einer ausgezeichneten, zentralen Lage in Winterthur, nur 10 Minuten zu Fuss vom Hauptbahnhof entfernt. Die Wohnung überzeugt durch ihre Nähe zu öffentlichen Verkehrsmitteln, Einkaufsmöglichkeiten und dem charmanten Lindengutpark, der zum Entspannen und Erholen einlädt.Das lichtdurchflutete Wohnzimmer mit offener Küche, überzeugt mit seinem speziellen Grundriss und bietet genügend Raum, damit Sie sich Ihr neues Zuhause schön einrichten können. Der Parkettboden zieht sich einheitlich durch und verleiht der Wohnung eine gemütliche Atmosphäre. Im Grosszügigen Badezimmer, welches mit hellen Keramikplatten ausgestattet ist, befindet sich eine Badewanne in der sich perfekt entspannen lässt.In Ihrem Reduit, welches sich perfekt eignet um persönliche Dinge zu verstauen, befindet sich zusätzlich eine Waschmaschine und ein Tumbler."
"1764776900-8","https://www.immoscout24.ch/de/wohnung/mieten/ort-winterthur?pn=4","2.5 Zimmer, CHF 2’417.–","CHF 2’417.–","Ernst-Jung-Gasse 15, 8400 Winterthur","Townhouse","Winterthur immokanzlei AG - Ihr Partner für Immobilien im Kanton Thurgau am Bodensee.Kauf, Verkauf, Vermietung, Verwaltung, Schätzung, Immobilienberatung.Kompetent und fair mit besten Referenzen.2½ Zimmer Wohnung in der modernen Townhouse Überbauung.Die Innenansichten der Wohnung stammen nicht aus der ausgeschriebenen Wohnung und dienen nur der Veranschaulichung des Ausbaustandards. Der Grundriss ist der Effektive aus der Wohnung.Auf Wunsch kann ein Tiefgaragenplatz für CHF 175.- pro Monat dazugemietet werden.Vereinbaren Sie mit uns einen einen Besichtigungstermin. Wir freuen uns auf Sie!immokanzlei AG Kreuzlingen + ArbonIhr professioneller Partner für alle Immobilien: Häuser, Wohnungen, Büro, Gewerbe.Verkauf ? Vermietung ? Schätzungen ? Beratung ? Verwaltung ? Bewirtschaftung."
"1764776900-9","https://www.immoscout24.ch/de/wohnung/mieten/ort-winterthur?pn=4","4.5 Zimmer, 73m², CHF 2’590.–","CHF 2’590.–","Wasserfurristrasse 37, 8406 Winterthur","4.5 Zimmerwohnung - Erstvermietung nach Gesamtsanierung","Frisch sanierte Wohnungen an ruhiger Lage in Winterthur TössWasserfurristrasse 37, 8406 WinterthurPer 16.12.2025 vermieten wir in einem umfassend sanierten Mehrfamilienhaus diese 4.5-Zimmerwohnung mit durchdachtem Grundriss, hochwertigen Materialien und moderner Ausstattung. Die Liegenschaft befindet sich an ruhiger Lage im beliebten Quartier Töss zentral und bestens erschlossen.Die Wohnungen überzeugen durch helle Räume, moderne Küchen mit V-ZUG-Geräten, stilvoll ausgestattete Nasszellen sowie einen eigenen Balkon. Jede Wohnung verfügt über ein Kellerabteil. Die Infrastruktur für E-Mobilität ist vorbereitet (Ladestation über EKZ möglich).Grundrisspläne und ein detaillierter Baubeschrieb sind angehängt. Änderungen bei Visualisierungen und Baubeschrieb bleiben vorbehalten.Interessiert?Wir freuen uns auf Ihre Anfrage und stehen für Fragen gerne zur Verfügung!"
"1764776903-10","https://www.immoscout24.ch/de/wohnung/mieten/ort-winterthur?pn=3","5.5 Zimmer, 119m², CHF 3’130.–","CHF 3’130.–","Grünmattstrasse 32, 8405 Winterthur","Maisonette-Wohn(t)raum für die ganze Familie","Wohnen in Winterthur-Seen naturnah und bestens erschlossen Ab 1. Mai 2026 erwarten Sie an der Grünmattstrasse 32 modern sanierte und neu erstellte Mietwohnungen im beliebten Quartier Winterthur-Seen. Die Liegenschaft wurde umfassend saniert und aufgestockt, wodurch insgesamt 8 attraktive Wohnungen entstehen. Highlights • Erstvermietung nach Sanierung &amp; Aufstockung • 6 sanierte Wohnungen + 2 neue Maisonettewohnungen • Helle Räume dank raumhohe Fensterflächen • Moderne V-Zug Geräte, Quarzstone-Arbeitsflächen, Induktionskochfeld, teilweise Bora-Kochfeld • Grosszügige Duschen, LED-Spiegelschränke, Maisonette-Wohnungen zusätzlich mit Badewanne • Eigener Waschturm in jeder Wohnung (V-Zug) • Nachhaltig: PV-Anlage, Erdsonden-Wärmepumpe, Freecooling • Grüner Innenhof mit Spielbereich • Mietbare Tiefgaragenplätze in angrenzendem Gebäude (sofern verfügbar) • Kellerabteil zu jeder Wohnung, zusätzliche Keller optional mietbar Die Maisonette-Wohnungen begeistern durch grosszügige Wohnflächen über zwei Etagen, Loggia/Balkon und ein besonders offenes Wohngefühl. LageDas Quartier Seen verbindet eine ruhige, grüne Umgebung mit perfekter Infrastruktur. Schulen, Kinderbetreuung, Einkaufsmöglichkeiten und der Bahnhof Seen befinden sich in unmittelbarer Nähe .Naherholungsgebiete wie der Ettenberg und die Seen-Wälder liegen nur wenige Minuten entfernt ideal für Spaziergänge, Sport und Freizeit. Wichtige HinweiseAufgrund des Baufortschritts sind keine Besichtigungen möglich.Bewerbungen erfolgen ausschliesslich online. Die Verlinkung zum Online-Formular finden Sie in der Vermarktungsbroschüre. Haben wir Ihr Interesse geweckt? Dann freuen wir uns auf Ihre digitale Bewerbung."
"1764776903-11","https://www.immoscout24.ch/de/wohnung/mieten/ort-winterthur?pn=3","2.5 Zimmer, 61m², CHF 1’825.–","CHF 1’825.–","Grünmattstrasse 32, 8405 Winterthur","Ankommen, wohlfühlen, zuhause sein  in Winterthur-Seen","Wohnen in Winterthur-Seen naturnah und bestens erschlossen Ab 1. Mai 2026 erwarten Sie an der Grünmattstrasse 32 modern sanierte und neu erstellte Mietwohnungen im beliebten Quartier Winterthur-Seen. Die Liegenschaft wurde umfassend saniert und aufgestockt, wodurch insgesamt 8 attraktive Wohnungen entstehen. Highlights • Erstvermietung nach Sanierung &amp; Aufstockung • 6 sanierte Wohnungen + 2 neue Maisonettewohnungen • Helle Räume dank raumhohe Fensterflächen • Moderne V-Zug Geräte, Quarzstone-Arbeitsflächen, Induktionskochfeld, teilweise Bora-Kochfeld • Grosszügige Duschen, LED-Spiegelschränke, Maisonette-Wohnungen zusätzlich mit Badewanne • Eigener Waschturm in jeder Wohnung (V-Zug) • Nachhaltig: PV-Anlage, Erdsonden-Wärmepumpe, Freecooling • Grüner Innenhof mit Spielbereich • Kellerabteil zu jeder Wohnung, zusätzliche Keller optional mietbar Die Maisonette-Wohnungen begeistern durch grosszügige Wohnflächen über zwei Etagen, Loggia/Balkon und ein besonders offenes Wohngefühl. LageDas Quartier Seen verbindet eine ruhige, grüne Umgebung mit perfekter Infrastruktur. Schulen, Kinderbetreuung, Einkaufsmöglichkeiten und der Bahnhof Seen befinden sich in unmittelbarer Nähe .Naherholungsgebiete wie der Ettenberg und die Seen-Wälder liegen nur wenige Minuten entfernt ideal für Spaziergänge, Sport und Freizeit. Wichtige HinweiseAufgrund des Baufortschritts sind keine Besichtigungen möglich.Bewerbungen erfolgen ausschliesslich online. Die Verlinkung zum Online-Formular finden Sie in der Vermarktungsbroschüre. Haben wir Ihr Interesse geweckt? Dann freuen wir uns auf Ihre digitale Bewerbung."
"1764776903-12","https://www.immoscout24.ch/de/wohnung/mieten/ort-winterthur?pn=3","3.5 Zimmer, 74m², CHF 2’090.–","CHF 2’090.–","Grünmattstrasse 32, 8405 Winterthur","Ihr neues Zuhause in naturnaher Umgebung","Wohnen in Winterthur-Seen naturnah und bestens erschlossen Ab 1. Mai 2026 erwarten Sie an der Grünmattstrasse 32 modern sanierte und neu erstellte Mietwohnungen im beliebten Quartier Winterthur-Seen. Die Liegenschaft wurde umfassend saniert und aufgestockt, wodurch insgesamt 8 attraktive Wohnungen entstehen. Highlights • Erstvermietung nach Sanierung &amp; Aufstockung • 6 sanierte Wohnungen + 2 neue Maisonettewohnungen • Helle Räume dank raumhohe Fensterflächen • Moderne V-Zug Geräte, Quarzstone-Arbeitsflächen, Induktionskochfeld, teilweise Bora-Kochfeld • Grosszügige Duschen, LED-Spiegelschränke, Maisonette-Wohnungen zusätzlich mit Badewanne • Eigener Waschturm in jeder Wohnung (V-Zug) • Nachhaltig: PV-Anlage, Erdsonden-Wärmepumpe, Freecooling • Grüner Innenhof mit Spielbereich • Kellerabteil zu jeder Wohnung, zusätzliche Keller optional mietbar Die Maisonette-Wohnungen begeistern durch grosszügige Wohnflächen über zwei Etagen, Loggia/Balkon und ein besonders offenes Wohngefühl. LageDas Quartier Seen verbindet eine ruhige, grüne Umgebung mit perfekter Infrastruktur. Schulen, Kinderbetreuung, Einkaufsmöglichkeiten und der Bahnhof Seen befinden sich in unmittelbarer Nähe .Naherholungsgebiete wie der Ettenberg und die Seen-Wälder liegen nur wenige Minuten entfernt ideal für Spaziergänge, Sport und Freizeit. Wichtige HinweiseAufgrund des Baufortschritts sind keine Besichtigungen möglich.Bewerbungen erfolgen ausschliesslich online. Die Verlinkung zum Online-Formular finden Sie in der Vermarktungsbroschüre. Haben wir Ihr Interesse geweckt? Dann freuen wir uns auf Ihre digitale Bewerbung."
"1764776903-13","https://www.immoscout24.ch/de/wohnung/mieten/ort-winterthur?pn=3","4 Zimmer, 84m², CHF 1’790.–","CHF 1’790.–","Kanzleistrasse 19, 8405 Winterthur","Hier endet Ihre Wohnungssuche","Per sofort oder nach Vereinbarung vermieten wir diese 4.0-Zimmerwohnung in Winterthur. Die Wohnung bietet Ihnen folgende Annehmlichkeiten: - Wohn- und Schlafzimmer sowie Küche mit Parkettboden- Nasszellen mit pflegeleichtem PVC-Boden- Grosszügiger Wohn- und Essbereich mit Zugang zum Balkon- Küche mit Backofen, Herdplatte und Stauraum für Ihre Küchenutensilien- Badezimmer mit Lavabo, Spiegelschrank und Badewanne- Separates WC mit Lavabo und Spiegelschrank- Balkon vorhanden- Eigenes Kellerabteil- Waschküche und Trockenraum zur Mitbenutzung- Lift vorhanden Die Haustierhaltung ist in dieser Liegenschaft erlaubt. Nach Verfügbarkeit kann ein Einstellplatz für CHF 110.00 pro Monat dazu gemietet werden. Umgebung: - Diverse Einkaufsmöglichkeiten befinden sich in unmittelbarer Nähe- Für den kleinen und grossen Hunger gibt es diverse Restaurants in der nahen Umgebung- Sehr gute Anschlüsse an die Autobahn und an den öffentlichen Verkehr Bitte beachten Sie, dass die Bilder als Referenzbilder dienen und vom Original abweichen können. Haben wir Ihr Interesse geweckt? Für einen Besichtigungstermin kontaktieren Sie uns bitte schriftlich über das Kontaktformular. Wir freuen uns auf Ihre Anfrage."
"1764776903-14","https://www.immoscout24.ch/de/wohnung/mieten/ort-winterthur?pn=3","5.5 Zimmer, 130m², CHF 3’066.–","CHF 3’066.–","Solarstrasse 1, 8404 Winterthur","Neuwertige Wohung in Winterthur","Die hochwertig ausgebaute 5.5-Zimmerwohnung wurde erst per November 2021 fertiggestellt. Sie begrüsst neue Mieter mit Architektur auf der Höhe der Zeit. Das Objekt bietet Ihnen nebst dem ansprechenden Grundriss den folgenden Ausbaustandard:- hohe Räume mit Anhydritboden- geräumige Zimmer - offene Küche- Bade/WC- Dusche/WC- eigener Waschturm- Loggia- eigenes Kellerabteil- nachhaltige Bauweise- begrünter Innenhof Bei den Bildern handelt es sich um Musterfotos, welche den Ausbaustandard veranschaulichen. Die genaue Raumaufteilung können Sie dem angefügten Grundriss entnehmen.Ein Einstellplatz kann bei Bedarf und nach Verfügbarkeit für Fr. 150.00 pro Monat dazu gemietet werden.Die Wohnung ist hervorragend an den öffentlichen Verkehr angebunden. Die nahegelegene Bushaltestelle Grüzefeld wird regelmässig von Stadtbus Winterthur bedient und bietet direkte Verbindungen zum Hauptbahnhof Winterthur, wo zahlreiche S-Bahn- und Fernverkehrszüge verkehren. So gelangen Sie bequem nach Zürich, Schaffhausen, St. Gallen und in viele weitere Regionen. Auch Nachtbusse sorgen am Wochenende für eine flexible Mobilität bis in die frühen Morgenstunden.Lebensmittelläden wie Coop, Migrolino und weitere Detailhändler befinden sich in unmittelbarer Nähe und bieten eine bequeme Versorgung für den täglichen Bedarf.Haben wir Ihr Interesse geweckt? Dann kontaktieren Sie uns direkt im Onlineinserat über ""Anbieter kontaktieren"". Sie erhalten anschliessend eine automatisierte E-Mail mit den Besichtigungsinformationen sowie der Möglichkeit, sich digital auf die Wohnung zu bewerben und/oder uns allfällige Fragen zu stellen."
"1764776903-15","https://www.immoscout24.ch/de/wohnung/mieten/ort-winterthur?pn=3","4.5 Zimmer, 127m², CHF 2’990.–","CHF 2’990.–","Else-Züblin-Strasse 94, 8404 Winterthur","Wohnen, wo sich Familien wohlfühlen","Die LageDer Eulachpark, der grösste Park in Winterthur, liegt direkt vor der Haustür Ihres neuen Zuhauses und lädt zum Entspannen und Verweilen ein. Hier wohnen Sie in einem aufstrebenden Quartier, das durch seine familienfreundliche Infrastruktur, kurze Wege zu Schulen und ein attraktives Naherholungsgebiet besticht.Die Buslinie Nr. 14 hält in unmittelbarer Nähe der Überbauung und bringt Sie im Viertelstundentakt bequem zum Bahnhof Winterthur. Von dort aus erreichen Sie Zürich in nur 30 Minuten, den Flughafen in 20 Minuten, Schaffhausen in etwa 30 Minuten und St. Gallen in 45 Minuten.Ein Rundgang durch die WohnungDank des grosszügigen Grundrisses, finden Sie und Ihre Familie auf insgesamt ca. 127m2 genügend Freiheiten Ihren persönlichen Wohntraum Wirklichkeit werden zu lassen und sich zudem genügend Rückzugsmöglichkeiten zu verschaffen. Ihr neues Zuhause zeichnet sich zudem durch eine intelligente Raumaufteilung mit geräumigen Zimmern und viel Stauraum aus. Der helle Eichenparkettboden sorgt in allen Wohnräumen für eine behagliche Atmosphäre und garantiert ein helles, lichtdurchflutetes Wohnklima. Weitere Vorteile Ihrer neuen Wohnung sind:- Offene, moderne Küche- Helles und grosszügiges Wohnzimmer- Badezimmer mit Badewanne- Separates Dusche/WC- Reduit mit eigenem Waschturm- Schlafzimmer mit direktem Zugang zur Ankleide- Loggia mit direktem Zugang zum Wohnzimmer und einem weiteren Zimmer- Grosszügiger Eingangsbereich mit Garderobe und Wandschrank- Minergie-Standard- Lift bis in die TiefgarageDetailsEin Einstellplatz in der Tiefgarage kann auf Wunsch dazu gemietet werden.In der Überbauung befindet sich ein origineller Spielplatz und eine Kindertagesstätte.Anschreiben. Besichtigen. Mieten.Möchten Sie Ihrer Familie mehr Raum gönnen und in einem Trendquartier wohnen? Dann freuen wir uns auf Ihre Kontaktaufnahme!Die Besichtigung findet wie folgt statt:Montag, 10.11.2025 um 17:00 Uhr. Treffpunkt: HaupteingangstüreAls Mieter profitieren Sie von 40% Rabatt auf Ihre erste Jahresprämie für ausgewählte Helvetia Versicherungsprodukte!Bei den publizierten Bildern handelt es sich um typenähnliche/typengleiche Wohnungen. Abweichungen zum effektiven Angebot sind deshalb möglich.Weitere interessante Mietobjekte finden Sie unter: www.helvetia.ch/miete"
"1764776903-16","https://www.immoscout24.ch/de/wohnung/mieten/ort-winterthur?pn=3","1 Zimmer, 63m², CHF 1’860.–","CHF 1’860.–","Ida-Sträuli-Strasse 43, 8404 Winterthur","1-Zimmerwohnung - Ihr zukünftiges Zuhause in Winterthur","Willkommen bei sue&amp;tilTauchen Sie ein, denn hier erwartet Sie eine spritzige, inspirierende und innovative Wohnoase, welche auch Ihr Herz höher schlagen lässt!Wir sind die neue Siedlung im modernen Winterthurer Quartier Neuhegi mit Parks und allem, was es für ein aktives Leben braucht. sue&amp;til legt grossen Wert darauf, Ihnen zahlreiche Highlights und Annehmlichkeiten zu bieten. Sie können sicher sein, dass sue&amp;til Ihnen nicht nur alle Ihre Wünsche an Ihr neues Zuhause erfüllt, sondern viel mehr bietet.Nach Vereinbarung vermieten wir diese idyllische Wohnung mit folgender Ausstattung:- Offen gestalteter Grundriss für die grosszügige Atmosphäre- Hochwertige Eichenparkettböden für den edlen Touch in den Wohnräumen- Hochwertiges Bad/WC mit Feinsteinzeugplatten als persönliche Wellnessoase- Offene Küche mit Natursteinabdeckung, Glaskeramikherd und Geschirrspüler, welche Ihre Lust zum Kochen weckt- Komfort-Wohnungslüftung mit individueller Steuerung für ein behagliches Wohngefühl- Waschmaschine und Tumbler in der Wohnung zur Erleichterung Ihren Alltags- Kellerabteil als zusätzlichen StauraumDie Bilder stammen von einer Typähnlich Wohnung.Im Neuhegi leben Sie in einem eigenständigen, vielseitigen Arbeits- und Lebensraum, welcher Ihnen eine erstklassige Lebensqualität schenkt. sue&amp;til ist über sämtliche Verkehrsmittel hervorragend mit der Altstadt und dem Hauptbahnhof von Winterthur und den grösseren Städten der Schweiz verbunden. Ob mit Ihrem Auto oder den ÖV, verschiedenste Möglichkeiten können ausgewählt werden, ganz individuell nach Ihren persönlichen Bedürfnissen. sue&amp;til passt für Singles, Paare und Familien - und sogar für Sie und Ihre Freunde, die zusammen eine Wohngemeinschaft gründen wollen. Wir freuen uns auf Sie - Ihr sue&amp;til."
"1764776903-17","https://www.immoscout24.ch/de/wohnung/mieten/ort-winterthur?pn=3","2.5 Zimmer, 66m², CHF 2’575.–","CHF 2’575.–","Wartstrasse 160, 8400 Winterthur","Qualitatives Wohnen für Paare oder Einzelpersonen","Diese moderne, helle und grosszügige Attikawohnung liegt in unmittelbarer Nähe des Stadtzentrums, der öffentlichen Verkehrsmittel und des Naherholungsgebiet.Ausbau: • Offene und moderne Küche mit Glaskeramikherd, Geschirrspüler und Backofen mit Steamerfunktion • Ganze Wohnung mit Eichenparkett ausgelegt, Nasszelle und Küche mit Plattenboden • Täferdecken • Nasszelle mit Badewanne und Waschmaschinenanschluss • Wandschrank im Korridor • Grosszügige Terrasse mit Plattenboden • Kellerabteil Zusätzlich auf Wunsch: Einstellplatz Tiefgarage CHF 150.-/Monat. Interessiert? Interessiert? Dann lohnt sich eine Besichtigung!"
"1764776903-18","https://www.immoscout24.ch/de/wohnung/mieten/ort-winterthur?pn=3","4.5 Zimmer, 122m², CHF 2’835.–","CHF 2’835.–","Hobelwerkweg 13, 8404 Winterthur","Familienfreundliches Zuhause mit sonnigem Sitzplatz","Die LageUrban und gleichzeitig familienfreundlich - so präsentiert sich der Stadtteil Oberwinterthur. Im historischen Dorfkern und rund um den Bahnhof finden Sie eine hervorragende Infrastruktur mit Einkaufsmöglichkeiten, Geschäften und Dienstleistungen. Schulen, Kindergärten und Spielplätze liegen in unmittelbarer Nähe der Wohnüberbauung.Naherholungsgebiete mit Seen, Wäldern und Wiesen bieten zahlreiche Möglichkeiten zum Wandern, Joggen oder Velofahren - alles nur wenige Gehminuten entfernt.Auch in Sachen Verkehrsanbindung ist die Wohnung optimal gelegen: Die Winterthurer Stadtbusse sowie direkte S-Bahn-Verbindungen nach Zürich halten praktisch vor der Haustür. Der Flughafen Zürich ist schnell erreichbar, ebenso wie die idyllische Landschaft des Zürcher Oberlands und der Ostschweiz.Ein Rundgang durch die WohnungDer durchdachte Grundriss bietet auf 122 m2 viel Raum für individuelle Wohnideen. Hochwertiger Akazienholzparkettboden in allen Wohnbereichen sorgt für eine warme und behagliche Atmosphäre. Besonders einladend ist der Sitzplatz, der zum Verweilen im Freien einladet, sowie die raumhohen Fenster, die für lichtdurchflutete Räume sorgen.- Offene, moderne Küche- Grosszügiges Wohnzimmer mit Zugang zum Sitzplatz- Badezimmer mit Badewanne/WC- Separates WC mit Dusche- Praktisches Reduit innerhalb der Wohnung- Kellerabteil für zusätzlichen Stauraum- Lift bis in die TiefgarageDetailsEin Einstellplatz in der Tiefgarage kann auf Wunsch für CHF 145.00 monatlich dazu gemietet werden. In der Überbauung befindet sich ein origineller Spielplatz.Anschreiben. Besichtigen. Mieten.Haben wir Ihr Interesse geweckt? Dann freuen wir uns, Sie zu einem Besichtigungstermin einzuladen. Der Besichtigungstermin findet wie folgt statt:Montag, 24. November 2025 von 17:30 bis 18:00 Uhr. Treffpunkt am Haupteingang.Wir freuen uns auf Ihre Bewerbung! Als Mieter von Helvetia profitieren Sie von 40% Rabatt auf Ihre erste Jahresprämie für ausgewählte Helvetia Versicherungsprodukte!Weitere interessante Mietobjekte finden Sie unter: www.helvetia.ch/immobilien"
"1764776903-19","https://www.immoscout24.ch/de/wohnung/mieten/ort-winterthur?pn=3","1.5 Zimmer, 36m², CHF 2’100.–","CHF 2’100.–","Zürcherstrasse 143, 8406 Winterthur","BUSINESS APARTMENT - Voll möbliert","An zentraler Lage in Winterthur vermieten wir eine hochwertig möblierte 1.5-Zimmer-Wohnung. Die Wohnung ist in einem modernen Mehrfamilienhaus in Winterthur. Grosszügige Fenster garantieren einen lichtdurchfluteten Raum mit angenehmer Wohnatmosphäre. Die Wohnung verfügt über eine Loggia, grosse Dusche mit Glastrennwand, eigene WM/TU, eine moderne Küche und einem praktischen Grundriss.Die Bushaltestelle befindet sich nur wenige Meter entfernt und bringt Sie bequem zum Hauptbahnhof Winterthur. In der nahen Umgebung befinden sich zahlreiche Restaurants, Einkaufsmöglichkeiten und Sportplätze. VARIAS Business Apartments ist ein Konzept, das sich perfekt für reisende Geschäftsleute anbietet. Flexible Aufenthalte, kurzfristige Einzugsmöglichkeiten, qualitativ hochwertige Design-Elemente, funktionsfähiges W-Lan und ein betriebsbereiter Drucker sind einige Annehmlichkeiten von VARIAS Business Apartments. Sie müssen kein Depot bezahlen und können sofort einziehen. Die Wohnung ist voll ausgestattet und bezugsbereit. • 1.5 Zimmer, 36qm • Mit dem Bus in 8 Minuten zum Hauptbahnhof Winterthur • Moderne und hochwertige Möblierung (USM Haller) • Vollausgestattete Küche mit Kühlschrank, Gefrierfach, Keramikherd • Nespresso Kaffeemaschine, Teekocher • Waschmaschine und Trockner im Apartment • Schlafzimmer/Wohnzimmer mit Bett • Einbauschränke • Badezimmmer mit Toilette und Dusche • HD 32"" LED Kabel-TV • Elektrisch bedienbare Rafflamellenstoren Bei Fragen kontaktieren Sie bitte Tarcisi Schorr Tel.: 052 208 10 08 I booking@variasapartments.chhttps://www.variasapartments.ch/en/apartments/"
"1764776906-20","https://www.immoscout24.ch/de/wohnung/mieten/ort-winterthur?pn=2","4.5 Zimmer, 109m², CHF 2’630.–","CHF 2’630.–","Weberstrasse 91, 8400 Winterthur","Attraktive Wohnung mit Weitsicht ins Grüne","Diese top moderne 4.5-Zimmerwohnung mit Weitsicht ins Grüne bietet Ihnen nebst einem grosszügigen Grundriss die folgende Ausstattung:- ganze Wohnung mit Parkettboden- moderner Ausbaustandard- offene, grosszügige Küche- grosse Arbeitsfläche- Glaskeramikherd- Geschirrspüler- Naturstein-Abdeckung- Bad/WC mit Badewanne- eigene Waschmaschine/Tumbler- separates WC mit Dusche- Einbauschränke- grosser Balkon- Kellerabteil Es handelt sich um Musterbilder, die den Ausbaustandard zeigen. Die genaue Raumaufteilung entnehmen Sie bitte dem Grundrissplan. Ein Einstellplatz kann auf Anfrage und Verfügbarkeit für CHF 150.00 oder ein Motorradplatz für CHF 40.00 pro Monat dazu gemietet werden.Die Bushaltestelle ""Winterthur, Waldegg"", welche von der Buslinie 2 bedient wird, befinden sich in unmittelbarer Nähe. Das Stadtzentrum mit diversen Einkaufsmöglichkeiten sowie das Naherholungsgebiet sind zu Fuss gut erreichbar.Entspricht diese schöne Wohnung Ihren Vorstellungen?Dann kontaktieren Sie uns direkt im Onlineinserat über ""Anbieter kontaktieren"". Sie erhalten anschliessend eine automatisierte E-Mail mit den Besichtigungsinformationen sowie der Möglichkeit, sich digital auf die Wohnung zu bewerben und/oder uns allfällige Fragen zu stellen.Wir freuen uns auf Ihre digitale Bewerbung nach der Besichtigung."
"1764776906-21","https://www.immoscout24.ch/de/wohnung/mieten/ort-winterthur?pn=2","3.5 Zimmer, 103m², CHF 2’805.–","CHF 2’805.–","Else-Züblin-Strasse 110, 8404 Winterthur","Ankommen & Geniessen - Wohnen mit viel Raum","Die LageDer Eulachpark, der grösste Park in Winterthur, liegt direkt vor der Haustür Ihres neuen Zuhauses und lädt zum Entspannen und Verweilen ein. Hier wohnen Sie in einem aufstrebenden Quartier, das durch seine familienfreundliche Infrastruktur, kurze Wege zu Schulen und ein attraktives Naherholungsgebiet besticht.Die Buslinie Nr. 14 hält in unmittelbarer Nähe der Überbauung und bringt Sie im Viertelstundentakt bequem zum Bahnhof Winterthur. Von dort aus erreichen Sie Zürich in nur 30 Minuten, den Flughafen in 20 Minuten, Schaffhausen in etwa 30 Minuten und St. Gallen in 45 Minuten.Ein Rundgang durch die WohnungDank des grosszügigen Grundrisses, finden Sie und Ihre Familie auf insgesamt ca. 103m2 genügend Freiheiten Ihren persönlichen Wohntraum Wirklichkeit werden zu lassen und sich zudem genügend Rückzugsmöglichkeiten zu verschaffen. Ihr neues Zuhause zeichnet sich zudem durch eine intelligente Raumaufteilung mit geräumigen Zimmern und viel Stauraum aus. Der Eichenparkettboden sorgt in allen Wohnräumen für eine behagliche Atmosphäre und garantiert ein helles, lichtdurchflutetes Wohnklima. Weitere Vorteile Ihrer neuen Wohnung sind: • Grosszügiger Wohn- und Essbereich mit direktem Zugang zur Loggia - ideal zum Entspannen und Geniessen • Moderne, offene Küche mit viel Platz für einen grosszügigen Essbereich • Zwei helle und gut geschnittene Schlafzimmer • Badezimmer mit Badewanne • Separate Dusche/WC • Praktisches Reduit für zusätzlichen Stauraum • Eigener Waschturm direkt in der Wohnung • Einladender Eingangsbereich mit angrenzendem Korridor und integrierten Wandschränken • Ruhiges und gepflegtes Treppenhaus • Grosszügige Loggia mit viel Privatsphäre • Lift bis in die Tiefgarage DetailsEin Einstellplatz in der Tiefgarage kann auf Wunsch dazu gemietet werden.In der Überbauung befindet sich ein origineller Spielplatz und eine Kindertagesstätte.Anschreiben. Besichtigen. Mieten.Möchten Sie Ihrer Familie mehr Raum gönnen und in einem Trendquartier wohnen? Dann freuen wir uns auf Ihre Kontaktaufnahme!Die Besichtigung findet wie folgt statt:Freitag, 28.11.2025 von 18:00 Uhr bis 19:00 Uhr. Bitte klingen Sie bei ""T. Aubry"". Als Mieter profitieren Sie von 40% Rabatt auf Ihre erste Jahresprämie für ausgewählte Helvetia Versicherungsprodukte!Bei den publizierten Bildern handelt es sich um typenähnliche/typengleiche Wohnungen. Abweichungen zum effektiven Angebot sind deshalb möglich.Weitere interessante Mietobjekte finden Sie unter: www.helvetia.ch/miete"
"1764776906-22","https://www.immoscout24.ch/de/wohnung/mieten/ort-winterthur?pn=2","4.5 Zimmer, 119m², CHF 2’850.–","CHF 2’850.–","Sulzerallee 83, 8404 Winterthur","4.5-Zimmerwohnung mit Loggia in Oberwinterthur","Willkommen bei sue&amp;til!Wir sind die neue Siedlung im modernen Winterthurer Quartier Neuhegi mit Parks und allem, was es für ein aktives Leben braucht. sue&amp;til legt grossen Wert darauf, Ihnen zahlreiche Highlights und An-nehmlichkeiten zu bieten. Sie können sicher sein, dass sue&amp;til Ihnen nicht nur alle Ihre Wünsche an Ihr neues Zuhause erfüllt, sondern viel mehr bietet.- offen gestaltete Grundrisse für die grosszügige Atmosphäre- Hochwertige Eichenparkettböden für den edlen Touch in den Wohnräumen- Hochwertiges Bad/WC mit Feinsteinzeugplatten als persönliche Wellnessoase- Offene Küche mit Natursteinabdeckung, Glaskeramikherd und Geschirrspüler, welche Deine Lust zum Kochen weckt- Komfort-Wohnungslüftung mit individueller Steuerung für ein behagliches Wohngefühl- Waschmaschine und Tumbler in der Wohnung zur Erleichterung Ihren Alltags- Kellerabteil als zusätzlichen StauraumDie Bilder stammen von einer Typähnlichen Wohnung.Im Neuhegi leben Sie in einem eigenständigen, vielseitigen Arbeits- und Lebensraum, welcher Ihnen eine erstklassige Lebensqualität schenkt. sue&amp;til ist über sämtliche Verkehrsmittel hervorragend mit der Altstadt und dem Hauptbahnhof von Winterthur und den grösseren Städten der Schweiz verbun-den. Ob mit Ihrem Auto oder den ÖV, verschiedenste Möglichkeiten können ausgewählt werden, ganz individuell nach Ihren persönlichen Bedürfnissen. sue&amp;til passt für Singles, Paare und Familien - und sogar für Sie und Ihre Freunde, die zusammen eine Wohngemeinschaft gründen wollen. Wir freuen uns auf Sie - Ihr sue&amp;til."
"1764776906-23","https://www.immoscout24.ch/de/wohnung/mieten/ort-winterthur?pn=2","3.5 Zimmer, 104m², CHF 3’000.–","CHF 3’000.–","Solarstrasse 5, 8404 Winterthur","Ihre exklusive Attikawohnung über den Dächern von Winterthur!","Die hochwertig ausgebaute Mietwohnung wurde erst per Mai 2022 fertiggestellt. Sie begrüsst neue Mieter mit Architektur auf der Höhe der Zeit. Die 5-Zimmerwohnung bietet Ihnen nebst dem ansprechenden Grundriss den folgenden Ausbaustandard:- hohe Räume- Wohnräume mit Parkettboden- offene Küche- Dusche/WC- mit eigenem Waschturm- Loggia- Kellerabteil- nachhaltige Bauweise- begrünter InnenhofBei den Bildern handelt es sich um Musterfotos, welche den Ausbaustandard veranschaulichen. Die genaue Raumaufteilung können Sie dem angefügten Grundriss entnehmen.Ein Einstellplatz kann bei Bedarf und nach Verfügbarkeit für Fr. 150.00 pro Monat dazu gemietet werden.Die Wohnung ist hervorragend an den öffentlichen Verkehr angebunden. Die nahegelegene Bushaltestelle Grüzefeld wird regelmässig von Stadtbus Winterthur bedient und bietet direkte Verbindungen zum Hauptbahnhof Winterthur, wo zahlreiche S-Bahn- und Fernverkehrszüge verkehren. So gelangen Sie bequem nach Zürich, Schaffhausen, St. Gallen und in viele weitere Regionen. Auch Nachtbusse sorgen am Wochenende für eine flexible Mobilität bis in die frühen Morgenstunden.Lebensmittelläden wie Coop, Migrolino und weitere Detailhändler befinden sich in unmittelbarer Nähe und bieten eine bequeme Versorgung für den täglichen Bedarf.Haben wir Ihr Interesse geweckt? Dann kontaktieren Sie uns direkt im Onlineinserat über ""Anbieter kontaktieren"". Sie erhalten anschliessend eine automatisierte E-Mail mit den Besichtigungsinformationen sowie der Möglichkeit, sich digital auf die Wohnung zu bewerben und/oder uns allfällige Fragen zu stellen."
"1764776906-24","https://www.immoscout24.ch/de/wohnung/mieten/ort-winterthur?pn=2","4.5 Zimmer, 155m², CHF 3’540.–","CHF 3’540.–","Ida-Sträuli-Strasse 43, 8404 Winterthur","4.5-Zimmerwohnung mit Terrasse in Winterthur","Willkommen bei sue&amp;til!Wir sind die neue Siedlung im modernen Winterthurer Quartier Neuhegi mit Parks und allem, was es für ein aktives Leben braucht. sue&amp;til legt grossen Wert darauf, Ihnen zahlreiche Highlights und An-nehmlichkeiten zu bieten. Sie können sicher sein, dass sue&amp;til Ihnen nicht nur alle Ihre Wünsche an Ihr neues Zuhause erfüllt, sondern viel mehr bietet.- offen gestaltete Grundrisse für die grosszügige Atmosphäre- Hochwertige Eichenparkettböden für den edlen Touch in den Wohnräumen- Hochwertiges Bad/WC mit Feinsteinzeugplatten als persönliche Wellnessoase- Offene Küche mit Natursteinabdeckung, Glaskeramikherd und Geschirrspüler, welche Deine Lust zum Kochen weckt- Komfort-Wohnungslüftung mit individueller Steuerung für ein behagliches Wohngefühl- Waschmaschine und Tumbler in der Wohnung zur Erleichterung Ihren Alltags- Kellerabteil als zusätzlichen StauraumDie Bilder stammen von einer Typähnlichen Wohnung.Im Neuhegi leben Sie in einem eigenständigen, vielseitigen Arbeits- und Lebensraum, welcher Ihnen eine erstklassige Lebensqualität schenkt. sue&amp;til ist über sämtliche Verkehrsmittel hervorragend mit der Altstadt und dem Hauptbahnhof von Winterthur und den grösseren Städten der Schweiz verbun-den. Ob mit Ihrem Auto oder den ÖV, verschiedenste Möglichkeiten können ausgewählt werden, ganz individuell nach Ihren persönlichen Bedürfnissen. sue&amp;til passt für Singles, Paare und Familien - und sogar für Sie und Ihre Freunde, die zusammen eine Wohngemeinschaft gründen wollen. Wir freuen uns auf Sie - Ihr sue&amp;til."
"1764776906-25","https://www.immoscout24.ch/de/wohnung/mieten/ort-winterthur?pn=2","3.5 Zimmer, 151m², CHF 3’807.–","CHF 3’807.–","Marktgasse 78, 8400 Winterthur","Einzigartige & Denkmalgeschützte Dachwohnung","Inmitten der schönen Winterthurer-Altstadt vermieten wir diese wunderschöne 3.5-Zimmerwohnung. Diese denkmalgeschützte Wohnung bietet Ihnen folgende Ausstattung: - Küche, Wohn- und Schlafzimmer mit Parkettboden- offene Küche mit moderner Ausstattung- Geschirrspüler- Badezimmer mit WC/Bad- eigener Waschturm- Gäste WC- Galerie mit weissen Holzbalken und Glasboden- Reduit- Balkon in den Innenhof- Lift direkt in die Wohnung- KellerabteilDie Galerie im oberen Stock steht unter Denkmalschutz.Bei den Bildern handelt es sich um Musterfotos, welche den Ausbaustandard veranschaulichen. Die genaue Raumaufteilung können Sie dem angefügten Grundriss entnehmen.Einstellplätze stehen momentan leider nicht zur Verfügung.Aufgrund der zentralen Lage mitten in der Winterthurer Altstadt, erreichen Sie verschiedene Einkaufsmöglichkeiten sowie den Hauptbahnhof in wenigen Gehminuten. Hier leben Sie am Puls der Stadt Winterthur wo es Ihnen an nichts fehlen wird!Entspricht diese schöne Wohnung Ihren Vorstellungen?Dann kontaktieren Sie uns direkt im Onlineinserat über ""Anbieter kontaktieren"". Sie erhalten anschliessend eine automatisierte E-Mail mit den Besichtigungsinformationen sowie der Möglichkeit, sich digital auf die Wohnung zu bewerben und/oder uns allfällige Fragen zu stellen.Wir freuen uns auf Ihre digitale Bewerbung nach der Besichtigung."
"1764776906-26","https://www.immoscout24.ch/de/wohnung/mieten/ort-winterthur?pn=2","2.5 Zimmer, 56m², CHF 1’550.–","CHF 1’550.–","Kanzleistrasse 21, 8405 Winterthur","Hier endet Ihre Wohnungssuche","Per sofort oder nach Vereinbarung vermieten wir diese 2.5-Zimmerwohnung in Winterthur. Die Wohnung bietet Ihnen folgende Annehmlichkeiten: - Wohn- und Schlafzimmer sowie Küche mit Parkettboden- Nasszelle mit pflegeleichtem PVC-Boden- Grosszügiger Wohn- und Essbereich mit Zugang zum Balkon- Küche mit Backofen, Herdplatte und Stauraum für Ihre Küchenutensilien- Badezimmer mit WC, Lavabo, Spiegelschrank und Badewanne- Balkon vorhanden- Eigenes Kellerabteil- Waschküche und Trockenraum zur Mitbenutzung- Lift vorhanden Die Haustierhaltung ist in dieser Liegenschaft erlaubt. Nach Verfügbarkeit kann ein Einstellplatz für CHF 110.00 pro Monat dazu gemietet werden. Umgebung: - Diverse Einkaufsmöglichkeiten befinden sich in unmittelbarer Nähe- Für den kleinen und grossen Hunger gibt es diverse Restaurants in der nahen Umgebung- Sehr gute Anschlüsse an die Autobahn und an den öffentlichen Verkehr Bitte beachten Sie, dass die Bilder als Referenzbilder dienen und vom Original abweichen können. Haben wir Ihr Interesse geweckt? Für einen Besichtigungstermin kontaktieren Sie uns bitte schriftlich über das Kontaktformular. Wir freuen uns auf Ihre Anfrage."
"1764776906-27","https://www.immoscout24.ch/de/wohnung/mieten/ort-winterthur?pn=2","3 Zimmer, 72m², CHF 1’890.–","CHF 1’890.–","Schlosshofstr. 62, 8400 Winterthur","Wohnen an ruhiger Lage in Winterthur","Per 01.02.2026 vermieten wir eine schöne 3-Zimmerwohnung im Erdgeschoss. Die Liegenschaft befindet sich an ruhiger Lage von Winterthur. Die öffentlichen Verkehrsmittel sowie Einkaufsmöglichkeiten sind gut erreichbar. Diese Wohnung bietet Ihnen folgenden Komfort:Ganzer Wohnbereich: ParkettKüche/Nasszellen: PlattenbodenAbgeschlossene Küche mit Glaskeramikkochfeld und GeschirrspülerBad/WCEinbauschränke im KorridorGemütlicher gedeckter BalkonKellerabteil vorhandenHaustiere erlaubtBitte beachten Sie, dass die Bilder als Referenzbilder dienen und vom Original abweichen können.Haben wir Ihr Interesse geweckt? Für einen Besichtigungstermin kontaktieren Sie uns bitte schriftlich über das Kontaktformular. Wir freuen uns auf Ihre Anfrage."
"1764776906-28","https://www.immoscout24.ch/de/wohnung/mieten/ort-winterthur?pn=2","2.5 Zimmer, 59m², CHF 1’910.–","CHF 1’910.–","Ida-Sträuli-Strasse 47, 8404 Winterthur","2.5-Zimmerwohnung in Winterthur / Sue&Til - smart&urban","Willkommen bei sue&amp;til!Tauchen Sie ein, denn hier erwartet Sie eine spritzige, inspirierende und innovative Wohnoase, welche auch Ihr Herz höher schlagen lässt!Wir sind die neue Siedlung im modernen Winterthurer Quartier Neuhegi mit Parks und allem, was es für ein aktives Leben braucht. sue&amp;til legt grossen Wert darauf, Ihnen zahlreiche Highlights und An-nehmlichkeiten zu bieten. Sie können sicher sein, dass sue&amp;til Ihnen nicht nur alle Ihre Wünsche an Ihr neues Zuhause erfüllt, sondern viel mehr bietet.Für ihren Wohnkomfort verfügt die Wohnung über folgenden Ausbau- offen gestaltete Grundrisse für die grosszügige Atmosphäre- Hochwertige Eichenparkettböden für den edlen Touch in den Wohnräumen- Hochwertiges Bad/WC mit Feinsteinzeugplatten als persönliche Wellnessoase- Offene Küche mit Natursteinabdeckung, Glaskeramikherd und Geschirrspüler, welche Deine Lust zum Kochen weckt- Komfort-Wohnungslüftung mit individueller Steuerung für ein behagliches Wohngefühl- Waschmaschine und Tumbler in der Wohnung zur Erleichterung Ihren Alltags- Kellerabteil als zusätzlichen StauraumDie Bilder stammen von einer Typähnlichen Wohnung.Im Neuhegi leben Sie in einem eigenständigen, vielseitigen Arbeits- und Lebensraum, welcher Ihnen eine erstklassige Lebensqualität schenkt. sue&amp;til ist über sämtliche Verkehrsmittel hervorragend mit der Altstadt und dem Hauptbahnhof von Winterthur und den grösseren Städten der Schweiz verbun-den. Ob mit Ihrem Auto oder den ÖV, verschiedenste Möglichkeiten können ausgewählt werden, ganz individuell nach Ihren persönlichen Bedürfnissen. sue&amp;til passt für Singles, Paare und Familien - und sogar für Sie und Ihre Freunde, die zusammen eine Wohngemeinschaft gründen wollen. Wir freuen uns auf Sie - Ihr sue&amp;til."
"1764776906-29","https://www.immoscout24.ch/de/wohnung/mieten/ort-winterthur?pn=2","2.5 Zimmer, 73m², CHF 2’100.–","CHF 2’100.–","Sulzerallee 79, 8404 Winterthur","2.5-Zimmerwohnung in Neuhegi","Willkommen bei sue&amp;tilTauchen Sie ein, denn hier erwartet Sie eine spritzige, inspirierende und innovative Wohnoase, welche auch Ihr Herz höher schlagen lässt!Wir sind die neue Siedlung im modernen Winterthurer Quartier Neuhegi mit Parks und allem, was es für ein aktives Leben braucht. sue&amp;til legt grossen Wert darauf, Ihnen zahlreiche Highlights und Annehmlichkeiten zu bieten. Sie können sicher sein, dass sue&amp;til Ihnen nicht nur alle Ihre Wünsche an Ihr neues Zuhause erfüllt, sondern viel mehr bietet.Für Ihren Wohnkomfort verfügt die Wohnung über folgenden Ausbau- Offen gestalteter Grundriss für die grosszügige Atmosphäre- Hochwertige Eichenparkettböden für den edlen Touch in den Wohnräumen- Hochwertiges Bad/WC mit Feinsteinzeugplatten als persönliche Wellnessoase- Offene Küche mit Natursteinabdeckung, Glaskeramikherd und Geschirrspüler, welche Ihre Lust zum Kochen weckt- Komfort-Wohnungslüftung mit individueller Steuerung für ein behagliches Wohngefühl- Waschmaschine und Tumbler in der Wohnung zur Erleichterung Ihren Alltags- Kellerabteil als zusätzlichen StauraumDie Bilder stammen von einer Typähnlich Wohnung.Im Neuhegi leben Sie in einem eigenständigen, vielseitigen Arbeits- und Lebensraum, welcher Ihnen eine erstklassige Lebensqualität schenkt. sue&amp;til ist über sämtliche Verkehrsmittel hervorragend mit der Altstadt und dem Hauptbahnhof von Winterthur und den grösseren Städten der Schweiz verbunden. Ob mit Ihrem Auto oder den ÖV, verschiedenste Möglichkeiten können ausgewählt werden, ganz individuell nach Ihren persönlichen Bedürfnissen. sue&amp;til passt für Singles, Paare und Familien - und sogar für Sie und Ihre Freunde, die zusammen eine Wohngemeinschaft gründen wollen. Wir freuen uns auf Sie - Ihr sue&amp;til."
"1764776906-30","https://www.immoscout24.ch/de/wohnung/mieten/ort-winterthur?pn=2","4 Zimmer, 77m², CHF 1’770.–","CHF 1’770.–","Strahleggstrasse 68, 8400 Winterthur","Wohnglück auf den ersten Blick","Per sofort oder Vereinbarung vermieten wir diese schöne 4.0-Zimmerwohnung in Winterthur. Die Wohnung bietet Ihnen folgende Annehmlichkeiten: - Wohn- und Schlafzimmer mit Parkettboden- Küche und Nasszelle mit pflegeleichtem Plattenboden- Grosszügiger Wohn- und Essbereich mit Zugang zum Balkon- Offene Küche mit Glaskeramikherd, Backofen und viel Stauraum für Ihre Küchenutensilien- Badezimmer mit WC, Lavabo, Spiegelschrank und Badewanne- Balkon für gemütliche Sonnenstunden- Eigenes Kellerabteil- Waschküche und Trockenraum zur Mitbenutzung Die Haustierhaltung ist in dieser Liegenschaft erlaubt. Nach Verfügbarkeit kann ein Aussenabstellplatz für CHF 70.00 pro Monat dazu gemietet werden. Umgebung: - Diverse Einkaufsmöglichkeiten befinden sich in unmittelbarer Nähe- Für den kleinen und grossen Hunger gibt es diverse Restaurants in der nahen Umgebung- Sehr gute Anschlüsse an die Autobahn und an den öffentlichen Verkehr Bitte beachten Sie, dass die Bilder als Referenzbilder dienen und vom Original abweichen können. Haben wir Ihr Interesse geweckt? Für einen Besichtigungstermin kontaktieren Sie uns bitte schriftlich über das Kontaktformular. Wir freuen uns auf Ihre Anfrage."
"1764776906-31","https://www.immoscout24.ch/de/wohnung/mieten/ort-winterthur?pn=2","4.5 Zimmer, 201m², CHF 5’055.–","CHF 5’055.–","Lagerhausstrasse 10, 8400 Winterthur","Urban. Stilvoll. Einzigartig. Wohnen im Herzen von Winterthur","Mitten im Leben und doch ganz bei sich.In den Archhöfen Winterthur trifft urbaner Lifestyle auf architektonische Raffinesse, Modernität auf Charme und Komfort auf Individualität. Zentral wohnen und ruhig leben • Direkt beim Bahnhof Winterthur • Einkaufsmöglichkeiten im Haus • Top Anbindung an ÖV und City • Begrünte Innenhöfe für Ruhe und Erholung Highlights Ihrer neuen Wohnung • Grosszügige, offene Wohnbereiche • Hohe Decken &amp; grosse Fensterfronten • Schlafzimmer mit praktischem Vorraum • Hochwertiger Eichenparkett • V-Zug Geräte &amp; edle IceDesign-Arbeitsfläche • Bäder mit stilvollen Materialien • Multimedia-Steckdosen in jedem Raum • Versiegelter Eichenparkett in allen Wohnräumen Mehr Lebensqualität • Tiefgaragenplätze auf Wunsch • Einkaufen, pendeln, leben, alles direkt vor der Tür Lassen Sie sich vor Ort begeistern, wir freuen uns auf Ihre Kontaktaufnahme und zeigen Ihnen die Archhöfe gerne persönlich!"
"1764776909-32","https://www.immoscout24.ch/de/wohnung/mieten/ort-winterthur?pn=1","3.5 Zimmer, 111m², CHF 2’850.– Premium","CHF 2’850.–","Else-Züblin-Strasse 90, 8404 Winterthur","Elegante Wohnung mit Loggia","Die LageDer Eulachpark, der grösste Park in Winterthur, liegt direkt vor der Haustür Ihres neuen Zuhauses und lädt zum Entspannen und Verweilen ein. Hier wohnen Sie in einem aufstrebenden Quartier, das durch seine familienfreundliche Infrastruktur, kurze Wege zu Schulen und ein attraktives Naherholungsgebiet besticht.Die Buslinie Nr. 14 hält in unmittelbarer Nähe der Überbauung und bringt Sie im Viertelstundentakt bequem zum Bahnhof Winterthur. Von dort aus erreichen Sie Zürich in nur 30 Minuten, den Flughafen in 20 Minuten, Schaffhausen in etwa 30 Minuten und St. Gallen in 45 Minuten.Ein Rundgang durch die WohnungDer grosszügige Grundriss dieser Wohnung mit ca. 111m2 bietet viel Freiheit für eine individuelle Einrichtung und lässt Ihren Wohntraum Wirklichkeit werden. Die Zimmer sind geräumig und schaffen Platz sowohl für Rückzug als auch für Stauraum. Besonders hervorzuheben sind die hohen Fenster und deckenhohen Türen, die für ein lichtdurchflutetes und freundliches Ambiente sorgen. Dank des grosszügigen Grundrisses, finden Sie auf insgesamt ca. 111m2 genügend Freiheiten Ihren persönlichen Wohntraum Wirklichkeit werden zu lassen und sich zudem genügend Rückzugsmöglichkeiten zu verschaffen. Ihr neues Zuhause zeichnet sich zudem durch eine intelligente Raumaufteilung mit geräumigen Zimmern und viel Stauraum aus.Weitere Vorteile Ihrer neuen Wohnung:- Offene, moderne Küche- Helles und grosszügiges Wohnzimmer- Badezimmer mit Badewanne- Separate Dusche/WC- Reduit mit eigenem Waschturm- Lift bis in die TiefgarageUnterzeichnen Sie den Mietvertrag für diese Wohnung - und profitieren Sie von 50% Mietrabatt während der ersten 6 Monate!DetailsEin Einstellplatz in der Tiefgarage kann auf Wunsch dazu gemietet werden.In der Überbauung befindet sich ein origineller Spielplatz und eine Kindertagesstätte.Anschreiben. Besichtigen. Mieten.Möchten Sie Ihrer Familie mehr Raum gönnen und in einem Trendquartier wohnen? Die Besichtigung findet wie folgt statt:Freitag, 28. November 2025 von 17:00 - 17:30 Uhr. Treffpunkt: Haupteingang. Als Mieter von Helvetia profitieren Sie von 40% Rabatt auf Ihre erste Jahresprämie für ausgewählte Helvetia Versicherungsprodukte!Bei den publizierten Bildern handelt es sich um typenähnliche / typengleiche Wohnungen. Abweichungen zum effektiven Angebot sind deshalb möglich.Weitere interessante Mietobjekte finden Sie unter: www.helvetia.ch/miete"
"1764776909-33","https://www.immoscout24.ch/de/wohnung/mieten/ort-winterthur?pn=1","3.5 Zimmer, 108m², CHF 2’690.– Premium","CHF 2’690.–","Else-Züblin-Strasse 102, 8404 Winterthur","Traumwohnung sucht neue Mieter!","Die LageDer Eulachpark, der grösste Park in Winterthur, liegt direkt vor der Haustür Ihres neuen Zuhauses und lädt zum Entspannen und Verweilen ein. Hier wohnen Sie in einem aufstrebenden Quartier, das durch seine familienfreundliche Infrastruktur, kurze Wege zu Schulen und ein attraktives Naherholungsgebiet besticht.Die Buslinie Nr. 14 hält in unmittelbarer Nähe der Überbauung und bringt Sie im Viertelstundentakt bequem zum Bahnhof Winterthur. Von dort aus erreichen Sie Zürich in nur 30 Minuten, den Flughafen in 20 Minuten, Schaffhausen in etwa 30 Minuten und St. Gallen in 45 Minuten.Ein Rundgang durch die WohnungDer grosszügige Grundriss dieser Wohnung bietet Ihnen die Freiheit, sich individuell einzurichten und Ihren Wohntraum zu verwirklichen. Die durchdachte Raumaufteilung überzeugt mit geräumigen Zimmern, die viel Platz für Ihre persönlichen Wünsche und Ideen lassen. Mit einer Wohnfläche von ca. 108 m2 können Sie Ihr Zuhause ganz nach Ihren Vorstellungen gestalten. Geniessen Sie entspannte Stunden auf den beiden Loggien oder verbringen Sie gesellige Abende im schönen Wohnzimmer mit Familie und Freunden. Die hochwertige Ausstattung, darunter ein eleganter Eichenparkettboden, grosszügiger Stauraum und ein durchdachtes Raumkonzept, schaffen eine behagliche Atmosphäre. Highlights der Wohnung:- Offene, moderne Küche- Grosszügiges Wohnzimmer- Beide Schlafzimmer mit direktem Zugang zu jeweils einer Loggia- Elternschlafzimmer mit eigenem Bad (Bad en suite)- Separates WC mit Dusche- Praktisches Reduit mit eigenem Waschturm- Eingangsbereich mit Garderobe und Wandschrank- Zwei Loggien für zusätzlichen Wohnkomfort- Hochwertiger Eichenparkettboden- Minergie-Standard- Lift bis in die TiefgarageDiese Wohnung bietet die perfekte Kombination aus Komfort, Qualität und durchdachtem Design. Ein Ort, an dem Sie sich rundum wohlfühlen können.DetailsEin Tiefgaragenplatz kann auf Wunsch für CHF 145.00 pro Monat zusätzlich gemietet werden. Die Überbauung bietet zudem einen attraktiv gestalteten Spielplatz sowie eine moderne Kindertagesstätte.Anschreiben. Besichtigen. Mieten.Möchten Sie Ihre zukünftige Wohnung besichtigen?Die Besichtigung findet wie folgt statt:Montag, 8. Dezember 2025 von 17:30 Uhr bis 18:00 Uhr. Treffpunkt: vor der Hauseingangstüre. Als Mieter von Helvetia profitieren Sie von 40 % Rabatt auf Ihre erste Jahresprämie für ausgewählte Helvetia Versicherungsprodukte!Bei den publizierten Bildern handelt es sich um typenähnliche/typengleiche Wohnungen. Abweichungen zum effektiven Angebot sind möglich.Weitere interessante Mietobjekte finden Sie unter: www.helvetia.ch/miete"
"1764776909-34","https://www.immoscout24.ch/de/wohnung/mieten/ort-winterthur?pn=1","3.5 Zimmer, 95m², CHF 2’960.– Premium","CHF 2’960.–","Weinbergstrasse 69, 8408 Winterthur","Einzigartige Loftwohnung in Winterthur-Wülflingen","Zu vermieten ist eine als Loftwohnung konzipierte, lichtdurchflutete 3.5-Zimmer-Wohnung (95 m²) in Winterthur, an der Grenze von Veltheim und Wülflingen.Nebst einem Schlaf- oder Arbeitszimmer bietet diese Wohnung 2 grosszügige Räume mit hellem Parkett und Bodenheizung, die an der Fensterfront aus 10 Balkontüren durchgehend verbunden sind. Mit offener Küche (Klinkerboden), 2 Badezimmern und einem Kellerraum sowie der Terrasse verbindet sich alles zu einem Bijou des Wohnens.Diese dank der transparenten Front sympathisch helle Wohnung an ruhiger Südlage, im der die Lichtwechsel präsent sind, ohne aufdringlich zu werden, bietet von ihrer 10 m langen Terrasse ein 180°-Panorama mit Fernsicht bis zum Alpstein. Im Sommer heizt sie sich dennoch nicht besonders auf, sondern bietet ein höchst angenehmes Wohnklima. Die Wohnung (Baujahr 1996) ist frisch renoviert und wird ab sofort oder nach Vereinbarung vermietet.Besondere Merkmale: • Grosszügigkeit: Zwei helle weite Räume mit hochwertigen Holzböden und grosszügiger Terrasse zum Innenhof mit breiter Weitsicht über die Stadt und in die Natur. • Lage: Die Ruhe, die Nähe zum Wald und gleichzeitig zur Stadtmitte (mit Bus 7 Min. zum Hauptbahnhof), zu Bus sowie Geschäften, die einmalige Aussicht, die leicht erhöhte Südlage und die Position im obersten Stockwerk des Gebäudes zeichnen diese Wohnlage aus. • Ausstattung: In der frisch renovierten Wohnung mit Bodenheizung gibt es mehrere Einbauschränke, einen Geschirrspüler, einen grossen Kühlschrank, eine Waschmaschine, separate Dusche und Badewanne, Heizkörper in den Badezimmern, dimmbare Lichtschalter, zwei Toiletten (davon ist eines ein Geberit Aquaclean); im Keller befindet sich ein moderner Kellerraum (Beton) und ein Trocknungsraum zur Mitbenützung. Im Nachbarhaus steht ein Veloraum zur Verfügung. Eventuell wäre ein Garagenplatz zusätzlich mietbar. • Exklusivität: Der Grundriss ist einzigartig und individuell gestaltet und die ganze Wohnung wirkt inspirierend."
"1764776909-35","https://www.immoscout24.ch/de/wohnung/mieten/ort-winterthur?pn=1","3 Zimmer, 55m², CHF 1’690.– Top","CHF 1’690.–","Eichliackerstrasse 20, 8406 Winterthur","Ihr neues Zuhause? Wohnen an attraktiver Lage nach Küchen-Badsanierung","Wir vermieten diese 3 Zimmer-Gartenwohnung mit folgenden Eigenschaften:- helles Wohnen- Parkettboden in allen Wohnräumen- Plattenboden in WC/Dusche, Korridor und Küche- Moderne Küche mit Induktionsherd- Geschirrspüler- Kühlschrank - WC/Dusche mit eingebauter Regendusche- Gartensitzplatz- Kellerabteil- kein LiftDie Liegenschaft verfügt leider über keine eigenen Parkplätze. Der Bahnhof Winterthur Töss, der von der Linie S41 in Richtung Winterthur Technikum, Bülach und Waldshut bedient wird, ist in wenigen Gehminuten erreichbar. Das Zentrum von Töss mit diversen Dienstleistern und Einkaufsmöglichkeiten (Coop und Migros) sowie das Naherholungsgebiet befindet sich ebenfalls in Gehdistanz.Haben wir Ihr Interesse geweckt? Dann kontaktieren Sie uns direkt im Onlineinserat über ""Anbieter kontaktieren"". Sie erhalten anschliessend eine automatisierte E-Mail mit den Besichtigungsinformationen sowie der Möglichkeit, sich digital auf die Wohnung zu bewerben und/oder uns allfällige Fragen zu stellen."
"1764776909-36","https://www.immoscout24.ch/de/wohnung/mieten/ort-winterthur?pn=1","2.5 Zimmer, 83m², CHF 2’190.– Top","CHF 2’190.–","Else-Züblin-Strasse 74, 8404 Winterthur","2.5 Zimmerwohnung mit Balkon in Neuhegi","Willkommen bei sue&amp;til!Per 01.11.2025 oder nach Vereinbarung suchen wir für diese Wohnung einen Nachmieter.Tauchen Sie ein, denn hier erwartet Sie eine spritzige, inspirierende und innovative Wohnoase, welche auch Ihr Herz höher schlagen lässt!Wir sind die neue Siedlung im modernen Winterthurer Quartier Neuhegi mit Parks und allem, was es für ein aktives Leben braucht. sue&amp;til legt grossen Wert darauf, Ihnen zahlreiche Highlights und An-nehmlichkeiten zu bieten. Sie können sicher sein, dass sue&amp;til Ihnen nicht nur alle Ihre Wünsche an Ihr neues Zuhause erfüllt, sondern viel mehr bietet.Für ihren Wohnkomfort verfügt die Wohnung über folgenden Ausbau- offen gestaltete Grundrisse für die grosszügige Atmosphäre- Hochwertige Eichenparkettböden für den edlen Touch in den Wohnräumen- Hochwertiges Bad/WC mit Feinsteinzeugplatten als persönliche Wellnessoase- Offene Küche mit Natursteinabdeckung, Glaskeramikherd und Geschirrspüler, welche Deine Lust zum Kochen weckt- Komfort-Wohnungslüftung mit individueller Steuerung für ein behagliches Wohngefühl- Waschmaschine und Tumbler in der Wohnung zur Erleichterung Ihren Alltags- Kellerabteil als zusätzlichen StauraumDie Bilder stammen von einer Typähnlichen Wohnung.Im Neuhegi leben Sie in einem eigenständigen, vielseitigen Arbeits- und Lebensraum, welcher Ihnen eine erstklassige Lebensqualität schenkt. sue&amp;til ist über sämtliche Verkehrsmittel hervorragend mit der Altstadt und dem Hauptbahnhof von Winterthur und den grösseren Städten der Schweiz verbun-den. Ob mit Ihrem Auto oder den ÖV, verschiedenste Möglichkeiten können ausgewählt werden, ganz individuell nach Ihren persönlichen Bedürfnissen. sue&amp;til passt für Singles, Paare und Familien - und sogar für Sie und Ihre Freunde, die zusammen eine Wohngemeinschaft gründen wollen. Wir freuen uns auf Sie - Ihr sue&amp;til."
"1764776909-37","https://www.immoscout24.ch/de/wohnung/mieten/ort-winterthur?pn=1","2.5 Zimmer, 77m², CHF 2’130.– Top","CHF 2’130.–","Stadthausstrasse 12, 8400 Winterthur","Geniale Dachwohnung im Stadtzentrum von Winterthur","Wir sind auf der Suche nach neuen Mietern für diese schöne 2.5-Zimmerwohnung, die Ihnen nebst der zentralen Lage die folgenden Annehmlichkeiten zu bieten hat:- alle Wohnräume mit Parkettboden- Schlafzimmer mit massgefertigtem Einbauschrank- Wohnzimmer mit Cheminée- abgeschlossene Küche- mit Glaskeramikherd- mit Geschirrspüler- kleiner Wintergarten- eigener Waschturm - KellerabteilBei den Fotos handelt es sich um Musterbilder, die den Ausbaustandard zeigen. Die genaue Raumaufteilung können Sie dem Grundriss entnehmen.Ein Einstellplatz in der Tiefgarage kann bei Bedarf für CHF 210.00 pro Monat dazu gemietet werden.Gute Einkaufsmöglichkeiten wie z.B. Coop, Migros etc. sowie diverse Restaurants und verschiedene Dienstleister befinden sich direkt bei der Liegenschaft. Der Bahnhof Winterthur mit sehr guten Zug- und Busverbindungen befindet sich ebenfalls ganz in der Nähe der Liegenschaft.Entspricht diese schöne Wohnung Ihren Vorstellungen?Dann kontaktieren Sie uns direkt im Onlineinserat über ""Anbieter kontaktieren"". Sie erhalten anschliessend eine automatisierte E-Mail mit den Besichtigungsinformationen sowie der Möglichkeit, sich digital auf die Wohnung zu bewerben und/oder uns allfällige Fragen zu stellen.Wir freuen uns auf Ihre digitale Bewerbung nach der Besichtigung."
"1764776909-38","https://www.immoscout24.ch/de/wohnung/mieten/ort-winterthur?pn=1","4 Zimmer, 83m², CHF 2’290.– Top","CHF 2’290.–","Stadlerstrasse 5, 8404 Winterthur","Charmante Wohnung an zentraler Lage in Winterthur","Per sofort oder nach Vereinbarung vermieten wir diese charmante 4.0-Zimmerwohnung im 3. OG.Die Wohnung bietet Ihnen folgenden modernen Komfort:-Wohn- und Schlafzimmer mit neu verlegtem und pflegeleichtem Laminatboden- neu eingebaute Küche mit Glaskeramikherd, Backofen und großzügigem Stauraum Rote Plättli werden mit einer Abdeckung versehen- Ganze Wohnung frisch gestrichen- Nasszelle mit pflegeleichtem Plattenboden-Balkon-Eigenes Kellerabteil-Gemeinschaftliche Waschküche und Trockenraum-Haustiere sind willkommenEinstellplatz für CHF 150.00/Monat kann dazu gemietet werden.Öffentliche Verkehrsmittel: Bushaltestellen und der Hauptbahnhof Winterthur sind in wenigen Minuten erreichbar.Einkaufsmöglichkeiten: Supermärkte, Bäckereien, Apotheken und weitere Geschäfte des täglichen Bedarfs befinden sich in unmittelbarer Nähe.Verkehrsanbindung: Gute Anbindung an das Strassennetz, schnelle Erreichbarkeit der Autobahn A1 in Richtung Zürich oder St. Gallen.Haben wir Ihr Interesse geweckt? Für einen Besichtigungstermin kontaktieren Sie uns bitte schriftlich über das Kontaktformular. Wir freuen uns auf Ihre Anfrage."
"1764776909-39","https://www.immoscout24.ch/de/wohnung/mieten/ort-winterthur?pn=1","2.5 Zimmer, 58m², CHF 1’839.–","CHF 1’839.–","Zürcherstrasse 133, 8406 Winterthur","Moderne 2.5-Zimmer-Wohnung in Winterthur Töss - Neubau 2022","Entdecken Sie diese hochwertige 2.5-Zimmer-Wohnung im 2. Stock eines modernen Neubaus aus dem Jahr 2022 an der Zürcherstrasse 133 in Winterthur. Mit 58 m² Wohnfläche und durchdachtem Grundriss bietet diese rollstuhlgängige Wohnung höchsten Wohnkomfort in ruhiger Lage.Die Wohnung überzeugt mit: • Moderne Küche: Offenes Design mit schwarzen Schränken, integrierten Geräten inklusive Geschirrspüler und direktem Zugang zum Balkon • Helle Wohnräume: Grosszügige Zimmer mit Holzböden, grossen Fenstern und Schiebetüren zum privaten Balkon • Elegantes Badezimmer: Mit schwarzen Marmorfliesen, Glasduschkabine und modernen weissen Armaturen • Praktischer Waschbereich: Mit eigener Waschmaschine und stilvollem Design • Privater Balkon: Mit grauem Fliesenboden und braunen Geländern Besondere Ausstattung: Die Wohnung ist Minergie-zertifiziert, verfügt über einen Lift, Garagenplatz und ist sowohl haustier- als auch kinderfreundlich. Die Anlage bietet eine wunderschöne Gartenanlage mitSpielplatz, Klettergerüst, Springbrunnen und Sitzbereichen.Perfekte Lage: Die Bushaltestelle ""Zentrum Töss"" befindet sich direkt vor der Haustür, der Bahnhof Winterthur Töss ist in nur 5 Gehminuten erreichbar. Alle täglichen Bedürfnisse sind optimal abgedeckt: Denner Supermarkt (1 Minute), Medbase Apotheke (2 Minuten) und das Schulhaus Zelgli (2 Minuten) befinden sich in unmittelbarer Nähe. Die Wohnung liegt ruhig und ist sonnig gelegen.Diese moderne Wohnung ist ab dem 15. Dezember 2025 verfügbar und eignet sich perfekt für Paare, kleine Familien oder alle, die Wert auf zeitgemässen Wohnkomfort in zentraler Lage legen."
